,count,mean,std,min,25%,50%,75%,max
Genuine,6354407.0,178197.04172740763,596236.9813471774,0.01,13368.395,74684.72,208364.76,92445516.64
Fraud,8213.0,1467967.299140387,2404252.947240169,0.0,127091.33,441423.44,1517771.48,10000000.0
